User,24,25,26,27,28,31,1,2,3,4,7,8,9,10,11,Estado,???
_kkay,â™ ï¸2,,â™¥ï¸As,,ğŸƒâ™¥ï¸8,,â™¥ï¸3,,hoy ğŸ’€,,,,,,,vivo,
.aitor3,â™¥ï¸4,,,â™£ï¸3,â™ ï¸8,ğŸƒâ™ ï¸9,,,hoy ğŸ’€,,,,,,,vivo,
.t1nnitus,â™ ï¸2,,â™¦ï¸8,â™¥ï¸9,ğŸƒâ™¥ï¸8,,â™¥ï¸3,,,,hoy ğŸ’€,,,,,vivo,
ajut,â™£ï¸5,,â™£ï¸4,â™¦ï¸7,,,,,,,hoy ğŸ’€,,,,,vivo,
aniicita,,,â™ ï¸6,â™ ï¸10,,ğŸƒâ™¦ï¸4,â™£ï¸2,â™£ï¸8,,,,hoy ğŸ’€,,,,vivo,
anxnkalw,â™¦ï¸9,,â™¥ï¸As,,,,â™¥ï¸3,â™¦ï¸6,,,,,hoy ğŸ’€,,,vivo,
apearl,,â™£ï¸6,â™¥ï¸As,â™¦ï¸7,,,,,,hoy ğŸ’€,,,,,,vivo,
carletes2371,â™ ï¸2,,,,,ğŸƒâ™¦ï¸4,â™¦ï¸2,â™¦ï¸6,,,hoy ğŸ’€,,,,,vivo,
charlieer,,â™¥ï¸2,â™¥ï¸As,â™ ï¸10,ğŸƒâ™¥ï¸8,â™¥ï¸7,,,,,hoy ğŸ’€,,,,,vivo,
cris_sm#4003,â™ ï¸2,,â™¥ï¸As,â™¦ï¸7,,,â™¥ï¸3,,,hoy ğŸ’€,,,,,,vivo,
cxconut_crxam,â™¦ï¸9,,,,,â™¥ï¸7,,,,,hoy ğŸ’€,,,,,vivo,
derlex#6902,,â™¦ï¸3,,â™¥ï¸9,,,,,hoy ğŸ’€,,,,,,,vivo,
elviramartinn#7741,,â™£ï¸6,,â™¦ï¸7,,,â™¦ï¸2,,,hoy ğŸ’€,,,,,,vivo,
ezthren,â™¦ï¸9,,,,,,â™¦ï¸2,,hoy ğŸ’€,,,,,,,vivo,
fenixcypher,,â™¦ï¸3,,â™£ï¸3,,ğŸƒâ™¦ï¸4,â™¥ï¸3,,hoy ğŸ’€,,,,,,,vivo,
grisha8186,â™£ï¸5,,,,ğŸƒâ™¥ï¸8,,â™£ï¸2,â™¦ï¸6,,,hoy ğŸ’€,,,,,vivo,
hana_uyi,â™ ï¸2,,â™¥ï¸As,â™¥ï¸9,ğŸƒâ™¥ï¸8,,â™¥ï¸3,,hoy ğŸ’€,,,,,,,vivo,
ipene8,â™ ï¸2,,â™¦ï¸8,,,â™¥ï¸7,,,,,hoy ğŸ’€,,,,,vivo,
jjuditthhh,â™¦ï¸9,,â™ ï¸6,,,,â™£ï¸2,,,,hoy ğŸ’€,,,,,vivo,
julili._.,â™ ï¸2,,â™¥ï¸As,â™¥ï¸9,,,,,hoy ğŸ’€,,,,,,,vivo,
kraksy,â™£ï¸5,,,,â™£ï¸10,,,,,hoy ğŸ’€,,,,,,vivo,
kumo_lex,â™¥ï¸4,,â™¥ï¸As,â™¦ï¸7,,,,,hoy ğŸ’€,,,,,,,vivo,
la_persona,,â™¦ï¸5,â™£ï¸4,,,,â™¦ï¸2,,hoy ğŸ’€,,,,,,,vivo,
lina_868,,â™¦ï¸3,,â™¥ï¸9,,ğŸƒâ™¦ï¸4,â™¦ï¸2,,hoy ğŸ’€,,,,,,,vivo,
lissort.,â™ ï¸2,,â™¥ï¸As,â™¥ï¸9,,,,,hoy ğŸ’€,,,,,,,vivo,
luckgamer24,â™ ï¸2,,â™¥ï¸As,â™£ï¸3,â™ ï¸8 / ğŸƒâ™¥ï¸8,,,,hoy ğŸ’€,,,,,,,vivo,
lussy.m,â™¥ï¸4,,â™ ï¸6,,â™ ï¸8,,,,,,hoy ğŸ’€,,,,,vivo,
mar_clua,,â™¦ï¸3,,â™¦ï¸7,,,,,hoy ğŸ’€,,,,,,,vivo,
meilxly._,,â™£ï¸6,,,ğŸƒâ™¥ï¸8,,â™¦ï¸2,,hoy ğŸ’€,,,,,,,vivo,
mininggie,,,â™¥ï¸As,â™ ï¸10,,,,â™¥ï¸10,,,,,,hoy ğŸ’€,,vivo,
niq4924,,â™£ï¸6,,,â™ ï¸7,,,,hoy ğŸ’€,,,,,,,vivo,
nomedejaponerelnombrequequiero,,,â™¥ï¸As,â™¦ï¸7,,,â™¦ï¸2,,hoy ğŸ’€,,,,,,,vivo,
papacitorico777,â™ ï¸2,,â™¥ï¸As,â™£ï¸3,â™ ï¸8 / ğŸƒâ™¥ï¸8,ğŸƒâ™£ï¸7,,â™¥ï¸10,,,,,hoy ğŸ’€,,,vivo,
papayo_owo,â™£ï¸5,,â™£ï¸4,,â™£ï¸10,,â™¦ï¸2,,,,,,hoy ğŸ’€,,,vivo,
patriiipb,,â™£ï¸6,,â™¦ï¸7,,,â™¦ï¸2,,,hoy ğŸ’€,,,,,,vivo,
pericco,â™£ï¸5,,â™¦ï¸8,,â™£ï¸10,,â™¦ï¸2,,,,,,,,hoy ğŸ’€,vivo,
piaa_,â™ ï¸2,,â™¦ï¸8,,,,â™¦ï¸2,,hoy ğŸ’€,,,,,,,vivo,
quierokoogerte,,â™¦ï¸3,,â™¥ï¸9,,,,,hoy ğŸ’€,,,,,,,vivo,
rayita4946,,â™¦ï¸3,,â™¦ï¸7,,â™¥ï¸7,,,,,,hoy ğŸ’€,,,,vivo,
RedHob#5177,â™ ï¸2,,â™¦ï¸8,,,,â™ ï¸As,â™ ï¸4,,hoy ğŸ’€,,,,,,vivo,
rosaln,â™£ï¸5,,â™£ï¸4,,â™£ï¸10,,,,,,,hoy ğŸ’€,,,,vivo,
samsammiesamsamsam,,â™£ï¸6,,â™¦ï¸7,,â™¥ï¸7,,,,,,,hoy ğŸ’€,,,vivo,
Saraâœ¨#1714,â™¦ï¸9,,,,,â™¥ï¸7,,,,,hoy ğŸ’€,,,,,vivo,
sergal22,â™¦ï¸9,,,,,â™¥ï¸7,,,,,hoy ğŸ’€,,,,,vivo,
sir.cactus,â™¦ï¸9,,,,,â™¥ï¸7,,,,,hoy ğŸ’€,,,,,vivo,
sitte_ot,â™ ï¸2,,â™¥ï¸As,â™£ï¸3,,â™¥ï¸7,,,,hoy ğŸ’€,,,,,,vivo,
steph_dark02,â™¦ï¸9,,,â™¦ï¸7,,,,,,,hoy ğŸ’€,,,,,vivo,
sweetnyx_,,â™¦ï¸3,,â™£ï¸3,,,â™¦ï¸2,â™¦ï¸6,,,hoy ğŸ’€,,,,,vivo,
Sxlly#0158,â™¦ï¸9,,,â™¦ï¸7,,,â™¥ï¸3,,,,,,hoy ğŸ’€,,,vivo,
tumorochaescorpiana_,,â™¦ï¸3,â™¥ï¸As,,â™ ï¸8,,,,hoy ğŸ’€,,,,,,,vivo,
val.lvslkcats,â™£ï¸5,,,,,ğŸƒâ™¦ï¸4,â™¦ï¸2,â™¦ï¸6,,,hoy ğŸ’€,,,,,vivo,
valitruska,,â™¦ï¸3,â™¥ï¸As,,â™£ï¸10,,,,,hoy ğŸ’€,,,,,,vivo,
weekndmiss#7765,â™ ï¸2,,â™¥ï¸As,â™£ï¸3,,,â™¦ï¸2,,hoy ğŸ’€,,,,,,,vivo,
whoiserika_,â™£ï¸5,,â™£ï¸4,,â™ ï¸8 / ğŸƒâ™¥ï¸8,,â™ ï¸As,,,hoy ğŸ’€,,,,,,vivo,
xtensor,â™£ï¸5,,â™¥ï¸As,,,â™¥ï¸7,,,,hoy ğŸ’€,,,,,,vivo,
xXAlvaroGamerXx,,â™¦ï¸5,â™¥ï¸As,,â™£ï¸10,,,,,,hoy ğŸ’€,,,,,vivo,
xxlautaytv,â™ ï¸2,,â™¥ï¸As,â™£ï¸3,,â™¥ï¸7,,,,hoy ğŸ’€,,,,,,vivo,
yuudif,,â™¦ï¸3,â™¦ï¸8,,â™£ï¸10,,â™¦ï¸2,â™¦ï¸6,,,,,,,,VIVO,hoy ğŸ’€
_abii_.,â™£ï¸5,,,,,ğŸƒâ™£ï¸7,,,,,,,,,,muerto,
_anx._,,,,,,,,,,,,,,,,muerto,
_dynamight.,â™¥ï¸4,,,,,,,,,,,,,,,muerto,
_moon_18,â™ ï¸2,,â™¥ï¸As,â™£ï¸3,â™ ï¸7,,,,,,,,,,,muerto,
_pollitodecolores,,,,,,,,,,,,,,,,muerto,
_sari58,,,,,,,,,,,,,,,,muerto,
_snom__,,â™¦ï¸3,â™¥ï¸As,,,ğŸƒâ™£ï¸7,,,,,,,,,,muerto,
_url0v3r,,,,,,,,,,,,,,,,muerto,
.louly_06,â™ ï¸2,,â™¦ï¸8,,,,â™ ï¸As,â™¥ï¸10,,,,,,,,muerto,
.tengosueno__,â™ ï¸2,,â™¥ï¸As,â™¥ï¸9,,,,,,,,,,,,muerto,
âœ§à¼º707à¼»âœ§ğŸˆ#8431,,â™¦ï¸3,â™¥ï¸As,â™¦ï¸7,,,â™¥ï¸3,â™£ï¸8,,,,,,,,muerto,
âœ©ğ–¤“âœ¿Annâœ¿ğ–¤“âœ©#4830,,â™¥ï¸2,â™£ï¸4,,â™ ï¸8,ğŸƒâ™ ï¸9,,,,,,,,,,muerto,
A....#4010,â™ ï¸2,,â™£ï¸4,,â™ ï¸7,ğŸƒâ™ ï¸9,,,,,,,,,,muerto,
a.itzel.l.g.,â™ ï¸2,,â™¥ï¸As,â™ ï¸10,,ğŸƒâ™¦ï¸4,â™¦ï¸2,â™¥ï¸10,,,,,,,,muerto,
a.le_joxd,â™ ï¸2,,,,,,,,,,,,,,,muerto,
abbysv,,â™¦ï¸3,â™¥ï¸As,â™£ï¸3,,,â™¥ï¸3,â™ ï¸4,,,,,,,,muerto,
ailisissick,,,,,,,,,,,,,,,,muerto,
ailuj26,â™ ï¸2,,â™¥ï¸As,â™¥ï¸9,,,â™ ï¸As,,,,,,,,,muerto,
alesalvador_09,â™£ï¸5,,,,,,,,,,,,,,,muerto,
alexviilaa,â™ ï¸2,,,,,,,,,,,,,,,muerto,
andy_0910_,,â™£ï¸6,,,,,,,,,,,,,,muerto,
aniâ™¡#0052,â™ ï¸2,,â™¥ï¸As,,,,,,,,,,,,,muerto,
Annâœ¨#5551,,,,,,,,,,,,,,,,muerto,
Antias#3675,,â™¦ï¸5,,,,,,,,,,,,,,muerto,
athanasia2214,â™¦ï¸9,,,,,,,,,,,,,,,muerto,
awadekokoo,â™£ï¸5,,,,,,,,,,,,,,,muerto,
bayasoleada,,,,,,,,,,,,,,,,muerto,
Brendiux#2252,â™ ï¸2,,â™¦ï¸8,,,,â™¦ï¸2,â™£ï¸8,,,,,,,,muerto,
callmebyurname_,,â™£ï¸6,,,,ğŸƒâ™¦ï¸4,,,,,,,,,,muerto,
camcat._#3121,,,,,,,,,,,,,,,,muerto,
cande3644,,â™¦ï¸3,,â™¦ï¸7,,,,ğŸ’€,,,,,,,,muerto,
candex.,â™¥ï¸4,,,,,,,,,,,,,,,muerto,
carls.ccr#3425,,,,,,,,,,,,,,,,muerto,
Cattenea,,â™¦ï¸3,,â™ ï¸10,,ğŸƒâ™¦ï¸4,â™£ï¸2,â™¥ï¸10,,,,,,,,muerto,
cchopi,,,,,,,,,,,,,,,,muerto,
Ce#7736,,â™£ï¸6,,,,,,,,,,,,,,muerto,
cel_01,â™ ï¸2,,â™¥ï¸As,â™£ï¸3,â™ ï¸7 / ğŸƒâ™¥ï¸8,,,â™ ï¸4,,,,,,,,muerto,
clowncia,â™ ï¸2,,,,,ğŸƒâ™£ï¸7,,,,,,,,,,muerto,
crfb_#5534,,,,,,,,,,,,,,,,muerto,
degmoonjunodeg,,â™£ï¸6,,,,,,,,,,,,,,muerto,
Dena_r,â™£ï¸5,,,,,,,,,,,,,,,muerto,
Dianela#6294,,,,,,,,,,,,,,,,muerto,
dracovictini,,,,,,,,,,,,,,,,muerto,
eifellmd,â™ ï¸2,,,,,ğŸƒâ™£ï¸7,,,,,,,,,,muerto,
Emi R#8767,,,,,,,,,,,,,,,,muerto,
Eva#2492,,â™¥ï¸2,â™¥ï¸As,,,,,,,,,,,,,muerto,
fanny8343,,â™£ï¸6,,,,,,,,,,,,,,muerto,
floppi2514,,â™¥ï¸2,,,,,,,,,,,,,,muerto,
FranFLw#5879,,â™¦ï¸3,,â™¥ï¸9,,,,,,,,,,,,muerto,
gengarkuma,,,,,,,,,,,,,,,,muerto,
Godofredo#0930,,â™¦ï¸3,,â™¦ï¸7,,,,â™¥ï¸10,,,,,,,,muerto,
hakulu,,â™¦ï¸3,,â™ ï¸10,,ğŸƒâ™£ï¸7,,,,,,,,,,muerto,
hanaa.2.3,,â™£ï¸6,,â™¦ï¸7,,,â™¥ï¸3,â™£ï¸8,,,,,,,,muerto,
hidrapato,,â™£ï¸6,â™£ï¸4,,,,â™¦ï¸2,,,,,,,,,muerto,
HimikoYuno#0449,,,,,,,,,,,,,,,,muerto,
holi_aye,,,â™¥ï¸As,,,,,,,,,,,,,muerto,
ikttsamii,,â™¦ï¸5,,,â™ ï¸7 / ğŸƒâ™¥ï¸8,,,,,,,,,,,muerto,
im_n0t_zLuke#5061,,â™¦ï¸5,â™¦ï¸8,,,ğŸƒâ™£ï¸7,,,,,,,,,,muerto,
isabel__#9099,â™£ï¸5,,,,,,,,,,,,,,,muerto,
isidoraa_ro,â™¦ï¸9,,,,,,,,,,,,,,,muerto,
jacob2326,,,,,,,,,,,,,,,,muerto,
jdfg.2,,,,,,,,,,,,,,,,muerto,
jen6080,,,,,,,,,,,,,,,,muerto,
jennnnl,,â™£ï¸6,,,,,,,,,,,,,,muerto,
jlan234,â™¦ï¸9,,â™£ï¸4,,â™ ï¸8,ğŸƒâ™ ï¸9,,,,,,,,,,muerto,
jloremfresita#7889,,,,,,,,,,,,,,,,muerto,
jsxchishiya,,â™£ï¸6,,,,,,,,,,,,,,muerto,
juneasteee#4289,,,,,,,,,,,,,,,,muerto,
kaizer2140,â™¥ï¸4,,,,,,,,,,,,,,,muerto,
ketrenlatoxi,â™ ï¸2,,â™¥ï¸As,,,,,,,,,,,,,muerto,
kino_ogami,,,,,,,,,,,,,,,,muerto,
kirakiara,,â™¦ï¸3,â™¥ï¸As,,â™ ï¸7,,,,,,,,,,,muerto,
kong3036,,â™¦ï¸3,â™¦ï¸8,,â™ ï¸7,ğŸƒâ™£ï¸7,,,,,,,,,,muerto,
leo465,,â™¦ï¸5,,,â™ ï¸7,,,,,,,,,,,muerto,
lingienn,,â™¥ï¸2,â™¥ï¸As,ğŸ’€,,,,,,,,,,,,muerto,
Lulitains,,,,,,,,,,,,,,,,muerto,
luzpavlovic,,,,,,,,,,,,,,,,muerto,
maca4860,,,,,,,,,,,,,,,,muerto,
Maira#8046,,,,,,,,,,,,,,,,muerto,
marcdany,â™ ï¸2,,â™¥ï¸As,â™£ï¸3,,â™¥ï¸7,,â™ ï¸4,,,,,,,,muerto,
mardbbarp.,,â™¦ï¸3,,â™ ï¸10,,,,,,,,,,,,muerto,
marhibomba,,,,,,,,,,,,,,,,muerto,
maxxie_20058,,â™£ï¸6,,,,ğŸƒâ™¦ï¸4,â™ ï¸As,â™¥ï¸10,,,,,,,,muerto,
mcxx_,â™¥ï¸4,,,,,,,,,,,,,,,muerto,
mfwairy,â™ ï¸2,,,,,,,,,,,,,,,muerto,
MÃ­a#6622,,â™¦ï¸5,,â™£ï¸3,,ğŸƒâ™£ï¸7,,,,,,,,,,muerto,
minmincam,,â™£ï¸6,,,â™ ï¸7,,,,,,,,,,,muerto,
miuw#2788,,,,,,,,,,,,,,,,muerto,
Mon_23#4804,â™ ï¸2,,,,,,,,,,,,,,,muerto,
monica07ld,â™ ï¸2,,â™¥ï¸As,â™¥ï¸9,ğŸƒâ™¥ï¸8,,â™¥ï¸3,â™ ï¸4,,,,,,,,muerto,
mushu7994,,,â™¥ï¸As,,,,,,,,,,,,,muerto,
mxmokth,â™ ï¸2,,â™¥ï¸As,,,ğŸƒâ™£ï¸7,,,,,,,,,,muerto,
naokiuwu_2336,,â™£ï¸6,â™¥ï¸As,,,,â™£ï¸2,â™£ï¸8,,,,,,,,muerto,
naomi sato#3030,,,,,,,,,,,,,,,,muerto,
nini2405,,,,,,,,,,,,,,,,muerto,
nixyazmin,,â™¦ï¸3,,â™¥ï¸9,ğŸƒâ™¥ï¸8,,,,,,,,,,,muerto,
pandita0_0,â™ ï¸2,,â™¥ï¸As,â™¥ï¸9,,ğŸƒâ™¦ï¸4,â™¥ï¸3,â™ ï¸4,,,,,,,,muerto,
paoarom,,â™¦ï¸3,,ğŸ’€,,,,,,,,,,,,muerto,
Patataman.,â™ ï¸2,,,,ğŸƒâ™¥ï¸8,,,,,,,,,,,muerto,
pau55#2829,,,,,,,,,,,,,,,,muerto,
paulaa._08,â™£ï¸5,,â™£ï¸4,,,â™¥ï¸7 / ğŸƒâ™ ï¸9,,,,,,,,,,muerto,
perifericonde,â™£ï¸5,,â™£ï¸4,,,,,,,,,,,,,muerto,
pollito_azul12,,,,,,,,,,,,,,,,muerto,
prestley_0263,â™ ï¸2,,â™¥ï¸As,â™¥ï¸9,,ğŸƒâ™ ï¸9,,,,,,,,,,muerto,
rodripers07,,â™¥ï¸2,ğŸ’€,,,ğŸƒâ™ ï¸9,,,,,,,,,,muerto,
Saraa#8356,,,,,,,,,,,,,,,,muerto,
sarahi_oxihpq,,â™¦ï¸3,â™¥ï¸As,,â™ ï¸7,ğŸƒâ™£ï¸7,â™¦ï¸2,â™£ï¸8,,,,,,,,muerto,
Sebass#8376,,â™¦ï¸3,â™¥ï¸As,,â™£ï¸10 / ğŸƒâ™¥ï¸8,ğŸƒâ™£ï¸7,,,,,,,,,,muerto,
sersemon,,,â™¥ï¸As,â™ ï¸10,,,,,,,,,,,,muerto,
sofii6687,,,,,,,,,,,,,,,,muerto,
sophie.soph16,,,,,ğŸƒâ™¥ï¸8,,,,,,,,,,,muerto,
ssai4125,â™¦ï¸9,,,,,,,,,,,,,,,muerto,
starphantom_,â™ ï¸2,,,,,,,,,,,,,,,muerto,
stmxaone,,,,,,,,,,,,,,,,muerto,
sunx9390,,â™¦ï¸5,,,,,,,,,,,,,,muerto,
sweet.karma,â™£ï¸5,,,,â™£ï¸10,ğŸƒâ™£ï¸7,,,,,,,,,,muerto,
the_boycito,â™¦ï¸9,,,,ğŸƒâ™¥ï¸8,,,,,,,,,,,muerto,
TheDaxar,â™£ï¸5,,,,,,,,,,,,,,,muerto,
toxicdream92,,,â™¥ï¸As,,,,,,,,,,,,,muerto,
tsukkyy_,,â™¦ï¸3,,â™£ï¸3,,,â™¦ï¸2,ğŸ’€,,,,,,,,muerto,
une.bx,,,,,,,,,,,,,,,,muerto,
unkknowin,,â™¦ï¸3,,â™¥ï¸9,ğŸƒâ™¥ï¸8,ğŸƒâ™£ï¸7,,,,,,,,,,muerto,
urumii_,â™ ï¸2,,,,,ğŸƒâ™£ï¸7,,â™ ï¸4,,,,,,,,muerto,
vante2013,â™¥ï¸4,,,,,,,,,,,,,,,muerto,
vanu_4526,,â™¦ï¸3,,ğŸ’€,,,,,,,,,,,,muerto,
velorio.,â™¦ï¸9,,,,ğŸƒâ™¥ï¸8,,â™ ï¸As,â™¥ï¸10,,,,,,,,muerto,
wings25,â™ ï¸2,,,,,,,,,,,,,,,muerto,
yukiborderland,â™ ï¸2,,,,,ğŸƒâ™£ï¸7,,â™¥ï¸10,,,,,,,,muerto,
yukkis_cg.,â™¦ï¸9,,,,ğŸƒâ™¥ï¸8,,â™ ï¸As,â™¥ï¸10,,,,,,,,muerto,
Z_ Ryu#1530,â™ ï¸2,,ğŸ’€,,,,,,,,,,,,,muerto,
zar_a.,â™¦ï¸9,,â™ ï¸6,,â™£ï¸10,ğŸƒâ™ ï¸9,,,,,,,,,,muerto,
zmarii,,,â™¥ï¸As,,,,,,,,,,,,,muerto,
.i_andrea,â™ ï¸2,,,,,,,,,,,,,,,fuera,
.itsnothing1.,,,,,,,,,,,,,,,,fuera,
eimjy,â™¦ï¸9,,,,,,,,,,,,,,,fuera,
iii1357,â™ ï¸2,â™¦ï¸3,â™¥ï¸As,,,,,,,,,,,,,fuera,
KamixX#2038,â™ ï¸2,,,,,,,,,,,,,,,fuera,
marig1400,â™ ï¸2,,,,,,,,,,,,,,,fuera,
mr_hot_666,â™ ï¸2,,â™¥ï¸As,,,,,,,,,,,,,fuera,
selly_08,â™¥ï¸4,,,,,,,,,,,,,,,fuera,
tlfl_sw,â™¥ï¸4,,,,,,,,,,,,,,,fuera,